室內設計 | 台南劉公館照片1: ,https://www.order.com.tw/data/case/202404/1713330318099400976.jpg
室內設計 | 台南劉公館照片2: ,https://www.order.com.tw/data/case/202404/1713330318566217871.jpg
室內設計 | 台南劉公館照片3: ,https://www.order.com.tw/data/case/202404/1713330318123708379.jpg
室內設計 | 台南劉公館照片4: ,https://www.order.com.tw/data/case/202404/1713330319264157524.jpg
室內設計 | 台南劉公館照片5: ,https://www.order.com.tw/data/case/202404/1713325467391718496.jpg
室內設計 | 台南劉公館照片6: ,https://www.order.com.tw/data/case/202404/1713325347033800670.jpg
室內設計 | 台南劉公館照片7: ,https://www.order.com.tw/data/case/202404/1713325497843724277.jpg
室內設計 | 台南劉公館照片8: ,https://www.order.com.tw/data/case/202404/1713325567860024993.jpg
室內設計 | 台南劉公館照片9: ,https://www.order.com.tw/data/case/202404/1713325632182830567.jpg
室內設計 | 台南劉公館照片10: ,https://www.order.com.tw/data/case/202404/1713330475679687638.jpg
室內設計 | 台北孫公館照片1: ,https://www.order.com.tw/data/case/202404/1712714374436189775.jpg
室內設計 | 台北孫公館照片2: ,https://www.order.com.tw/data/case/202404/1712714746640643867.jpg
室內設計 | 台北孫公館照片3: ,https://www.order.com.tw/data/case/202404/1712714374162369718.jpg
室內設計 | 台北孫公館照片4: ,https://www.order.com.tw/data/case/202404/1712714376116083935.jpg
室內設計 | 台北孫公館照片5: ,https://www.order.com.tw/data/case/202404/1712714375278866297.jpg
室內設計 | 台北孫公館照片6: ,https://www.order.com.tw/data/case/202404/1712714375413756889.jpg
室內設計 | 台北孫公館照片7: ,https://www.order.com.tw/data/case/202404/1712714376875475835.jpg
室內設計 | 台北孫公館照片8: ,https://www.order.com.tw/data/case/202404/1712714370695544421.jpg
室內設計 | 台北孫公館照片9: ,https://www.order.com.tw/data/case/202404/1712714372076719886.jpg
室內設計 | 台北孫公館照片10: ,https://www.order.com.tw/data/case/202404/1712714377868178754.jpg
室內設計 | 土城李公館照片1: ,https://www.order.com.tw/data/case/202403/1711591601810027439.jpg
室內設計 | 土城李公館照片2: ,https://www.order.com.tw/data/case/202403/1711677635664355675.jpg
室內設計 | 土城李公館照片3: ,https://www.order.com.tw/data/case/202403/1711677637968591626.jpg
室內設計 | 土城李公館照片4: ,https://www.order.com.tw/data/case/202403/1711677636678386491.jpg
室內設計 | 土城李公館照片5: ,https://www.order.com.tw/data/case/202403/1711678000993920990.jpg
室內設計 | 土城李公館照片6: ,https://www.order.com.tw/data/case/202403/1711678000582972364.jpg
室內設計 | 土城李公館照片7: ,https://www.order.com.tw/data/case/202403/1711677636091802828.jpg
室內設計 | 土城李公館照片8: ,https://www.order.com.tw/data/case/202403/1711677635598270488.jpg
室內設計 | 土城李公館照片9: ,https://www.order.com.tw/data/case/202403/1711677639438275259.jpg
室內設計 | 土城李公館照片10: ,https://www.order.com.tw/data/case/202403/1711677639514632001.jpg
室內設計 | 屏東陳公館照片1: ,https://www.order.com.tw/data/case/202403/1710296726472191412.jpg
室內設計 | 屏東陳公館照片2: ,https://www.order.com.tw/data/case/202403/1710296725314292690.jpg
室內設計 | 屏東陳公館照片3: ,https://www.order.com.tw/data/case/202403/1710296725823680974.jpg
室內設計 | 屏東陳公館照片4: ,https://www.order.com.tw/data/case/202403/1710296726882576540.jpg
室內設計 | 屏東陳公館照片5: ,https://www.order.com.tw/data/case/202403/1710296726192110134.jpg
室內設計 | 屏東陳公館照片6: ,https://www.order.com.tw/data/case/202403/1710296722964354551.jpg
室內設計 | 屏東陳公館照片7: ,https://www.order.com.tw/data/case/202403/1710296723534053218.jpg
室內設計 | 屏東陳公館照片8: ,https://www.order.com.tw/data/case/202403/1710296723333746100.jpg
室內設計 | 屏東陳公館照片9: ,https://www.order.com.tw/data/case/202403/1710296723023022235.jpg
室內設計 | 屏東陳公館照片10: ,https://www.order.com.tw/data/case/202403/1710296724838689267.jpg
室內設計 | 高雄陳公館照片1: ,https://www.order.com.tw/data/case/202403/1709609712209057353.jpg
室內設計 | 高雄陳公館照片2: ,https://www.order.com.tw/data/case/202403/1709609714395067053.jpg
室內設計 | 高雄陳公館照片3: ,https://www.order.com.tw/data/case/202403/1709609715588177357.jpg
室內設計 | 高雄陳公館照片4: ,https://www.order.com.tw/data/case/202403/1709609714181507646.jpg
室內設計 | 高雄陳公館照片5: ,https://www.order.com.tw/data/case/202403/1709609713429586399.jpg
室內設計 | 高雄陳公館照片6: ,https://www.order.com.tw/data/case/202403/1709609716270983262.jpg
室內設計 | 高雄陳公館照片7: ,https://www.order.com.tw/data/case/202403/1709609713226741707.jpg
室內設計 | 高雄陳公館照片8: ,https://www.order.com.tw/data/case/202403/1709609717135298972.jpg
室內設計 | 高雄陳公館照片9: ,https://www.order.com.tw/data/case/202403/1709609716601422476.jpg
室內設計 | 新店廖公館照片1: ,https://www.order.com.tw/data/case/202402/1708320753284444920.jpg
室內設計 | 新店廖公館照片2: ,https://www.order.com.tw/data/case/202402/1708320754603148409.jpg
室內設計 | 新店廖公館照片3: ,https://www.order.com.tw/data/case/202402/1708320754810340200.jpg
室內設計 | 新店廖公館照片4: ,https://www.order.com.tw/data/case/202402/1708320755761788771.jpg
室內設計 | 新店廖公館照片5: ,https://www.order.com.tw/data/case/202402/1708320756540239446.jpg
室內設計 | 新店廖公館照片6: ,https://www.order.com.tw/data/case/202402/1708320757849182048.jpg
室內設計 | 新店廖公館照片7: ,https://www.order.com.tw/data/case/202402/1708320751603641436.jpg
室內設計 | 新店廖公館照片8: ,https://www.order.com.tw/data/case/202402/1708320752395006491.jpg
室內設計 | 新店廖公館照片9: ,https://www.order.com.tw/data/case/202402/1708320753213628060.jpg
室內設計 | 新店廖公館照片10: ,https://www.order.com.tw/data/case/202402/1708320753558853866.jpg
室內設計 | 新竹林公館照片1: ,https://www.order.com.tw/data/case/202402/1706861980328091261.jpg
室內設計 | 新竹林公館照片2: ,https://www.order.com.tw/data/case/202402/1706861980041926709.jpg
室內設計 | 新竹林公館照片3: ,https://www.order.com.tw/data/case/202402/1706861982609355026.jpg
室內設計 | 新竹林公館照片4: ,https://www.order.com.tw/data/case/202402/1706861981737743303.jpg
室內設計 | 新竹林公館照片5: ,https://www.order.com.tw/data/case/202402/1706861981699427082.jpg
室內設計 | 新竹林公館照片6: ,https://www.order.com.tw/data/case/202402/1706861981993155918.jpg
室內設計 | 新竹林公館照片7: ,https://www.order.com.tw/data/case/202402/1706861983236325486.jpg
室內設計 | 新竹林公館照片8: ,https://www.order.com.tw/data/case/202402/1706861978083000684.jpg
室內設計 | 新竹林公館照片9: ,https://www.order.com.tw/data/case/202402/1706861980909864340.jpg
室內設計 | 新竹林公館照片10: ,https://www.order.com.tw/data/case/202402/1706861979286102412.jpg
室內設計 | 板橋邱公館照片1: ,https://www.order.com.tw/data/case/202401/1705981293569029798.jpg
室內設計 | 板橋邱公館照片2: ,https://www.order.com.tw/data/case/202401/1705981294855521159.jpg
室內設計 | 板橋邱公館照片3: ,https://www.order.com.tw/data/case/202401/1705981293356619260.jpg
室內設計 | 板橋邱公館照片4: ,https://www.order.com.tw/data/case/202401/1705981292055444697.jpg
室內設計 | 板橋邱公館照片5: ,https://www.order.com.tw/data/case/202401/1705981291712071776.jpg
室內設計 | 板橋邱公館照片6: ,https://www.order.com.tw/data/case/202401/1705981290538451484.jpg
室內設計 | 板橋邱公館照片7: ,https://www.order.com.tw/data/case/202401/1705981291447185347.jpg
室內設計 | 板橋邱公館照片8: ,https://www.order.com.tw/data/case/202401/1705996247336298252.jpg
室內設計 | 板橋邱公館照片9: ,https://www.order.com.tw/data/case/202401/1705981295106086363.jpg
室內設計 | 板橋邱公館照片10: ,https://www.order.com.tw/data/case/202401/1705981294382096637.jpg
室內設計 | 蘆洲陳公館照片1: ,https://www.order.com.tw/data/case/202401/1705283057102009185.jpg
室內設計 | 蘆洲陳公館照片2: ,https://www.order.com.tw/data/case/202401/1705283267234978191.jpg
室內設計 | 蘆洲陳公館照片3: ,https://www.order.com.tw/data/case/202401/1705283057494446474.jpg
室內設計 | 蘆洲陳公館照片4: ,https://www.order.com.tw/data/case/202401/1705283057819943323.jpg
室內設計 | 蘆洲陳公館照片5: ,https://www.order.com.tw/data/case/202401/1705283058561729050.jpg
室內設計 | 蘆洲陳公館照片6: ,https://www.order.com.tw/data/case/202401/1705283221383445878.jpg
室內設計 | 蘆洲陳公館照片7: ,https://www.order.com.tw/data/case/202401/1705283221494571012.jpg
室內設計 | 蘆洲陳公館照片8: ,https://www.order.com.tw/data/case/202401/1705283222918524206.jpg
室內設計 | 蘆洲陳公館照片9: ,https://www.order.com.tw/data/case/202401/1705283223868214526.jpg
室內設計 | 蘆洲陳公館照片10: ,https://www.order.com.tw/data/case/202401/1705283223331462404.jpg
室內設計 | 桃園彭公館照片1: ,https://www.order.com.tw/data/case/202401/1704433711911236271.jpg
室內設計 | 桃園彭公館照片2: ,https://www.order.com.tw/data/case/202401/1704433711373426152.jpg
室內設計 | 桃園彭公館照片3: ,https://www.order.com.tw/data/case/202401/1704433712162440597.jpg
室內設計 | 桃園彭公館照片4: ,https://www.order.com.tw/data/case/202401/1704433712680750981.jpg
室內設計 | 桃園彭公館照片5: ,https://www.order.com.tw/data/case/202401/1704433708891364736.jpg
室內設計 | 桃園彭公館照片6: ,https://www.order.com.tw/data/case/202401/1704433708261416143.jpg
室內設計 | 桃園彭公館照片7: ,https://www.order.com.tw/data/case/202401/1704433710052410209.jpg
室內設計 | 桃園彭公館照片8: ,https://www.order.com.tw/data/case/202401/1704433709734222111.jpg
室內設計 | 桃園彭公館照片9: ,https://www.order.com.tw/data/case/202401/1704433709412531890.jpg
室內設計 | 新竹曾公館照片1: ,https://www.order.com.tw/data/case/202312/1702273399433203443.jpg
室內設計 | 新竹曾公館照片2: ,https://www.order.com.tw/data/case/202312/1702273399563425747.jpg
室內設計 | 新竹曾公館照片3: ,https://www.order.com.tw/data/case/202312/1702273400726251863.jpg
室內設計 | 新竹曾公館照片4: ,https://www.order.com.tw/data/case/202312/1702273400763927426.jpg
室內設計 | 新竹曾公館照片5: ,https://www.order.com.tw/data/case/202312/1702273401651534097.jpg
室內設計 | 新竹曾公館照片6: ,https://www.order.com.tw/data/case/202312/1702273402336716126.jpg
室內設計 | 新竹曾公館照片7: ,https://www.order.com.tw/data/case/202312/1702273402356158313.jpg
室內設計 | 新莊簡公館照片1: ,https://www.order.com.tw/data/case/202311/1701312146682610871.jpg
室內設計 | 新莊簡公館照片2: ,https://www.order.com.tw/data/case/202311/1701312147258975068.jpg
室內設計 | 新莊簡公館照片3: ,https://www.order.com.tw/data/case/202311/1701312147962040456.jpg
室內設計 | 新莊簡公館照片4: ,https://www.order.com.tw/data/case/202311/1701314410297765130.jpg
室內設計 | 新莊簡公館照片5: ,https://www.order.com.tw/data/case/202311/1701314410916466683.jpg
室內設計 | 新莊簡公館照片6: ,https://www.order.com.tw/data/case/202311/1701312143118645318.jpg
室內設計 | 新莊簡公館照片7: ,https://www.order.com.tw/data/case/202311/1701312144304820443.jpg
室內設計 | 新莊簡公館照片8: ,https://www.order.com.tw/data/case/202311/1701312141646826288.jpg
室內設計 | 新莊簡公館照片9: ,https://www.order.com.tw/data/case/202311/1701312142159744629.jpg
室內設計 | 新莊簡公館照片10: ,https://www.order.com.tw/data/case/202311/1701312142406014222.jpg
室內設計 | 板橋許公館照片1: ,https://www.order.com.tw/data/case/202311/1700459018045945455.jpg
室內設計 | 板橋許公館照片2: ,https://www.order.com.tw/data/case/202311/1700459018027859831.jpg
室內設計 | 板橋許公館照片3: ,https://www.order.com.tw/data/case/202311/1700459019753865988.jpg
室內設計 | 板橋許公館照片4: ,https://www.order.com.tw/data/case/202311/1700459017672959266.jpg
室內設計 | 板橋許公館照片5: ,https://www.order.com.tw/data/case/202311/1700459019089943883.jpg
室內設計 | 板橋許公館照片6: ,https://www.order.com.tw/data/case/202311/1700459262312604267.jpg
室內設計 | 板橋許公館照片7: ,https://www.order.com.tw/data/case/202311/1700459017780272524.jpg
室內設計 | 板橋許公館照片8: ,https://www.order.com.tw/data/case/202311/1700459015250386045.jpg
室內設計 | 板橋許公館照片9: ,https://www.order.com.tw/data/case/202311/1700459017287837269.jpg
室內設計 | 板橋許公館照片10: ,https://www.order.com.tw/data/case/202311/1700459016708258624.jpg
室內設計 | 台中黃公館照片1: ,https://www.order.com.tw/data/case/202311/1698976089462315363.jpg
室內設計 | 台中黃公館照片2: ,https://www.order.com.tw/data/case/202311/1698976090578310979.jpg
室內設計 | 台中黃公館照片3: ,https://www.order.com.tw/data/case/202311/1698976090029555039.jpg
室內設計 | 台中黃公館照片4: ,https://www.order.com.tw/data/case/202311/1698976091206324194.jpg
室內設計 | 台中黃公館照片5: ,https://www.order.com.tw/data/case/202311/1698976090813682787.jpg
室內設計 | 台中黃公館照片6: ,https://www.order.com.tw/data/case/202311/1698976091960099162.jpg
室內設計 | 台中黃公館照片7: ,https://www.order.com.tw/data/case/202311/1698976092377995915.jpg
室內設計 | 台中黃公館照片8: ,https://www.order.com.tw/data/case/202311/1698976092921718015.jpg
室內設計 | 台中黃公館照片9: ,https://www.order.com.tw/data/case/202311/1698976099283109437.jpg
室內設計 | 台中黃公館照片10: ,https://www.order.com.tw/data/case/202311/1698976092208023786.jpg
室內設計 | 林口陳公館照片1: ,https://www.order.com.tw/data/case/202310/1697684520644404294.jpg
室內設計 | 林口陳公館照片2: ,https://www.order.com.tw/data/case/202310/1697684519854182625.jpg
室內設計 | 林口陳公館照片3: ,https://www.order.com.tw/data/case/202310/1697684520695805432.jpg
室內設計 | 林口陳公館照片4: ,https://www.order.com.tw/data/case/202310/1697684519522945368.jpg
室內設計 | 林口陳公館照片5: ,https://www.order.com.tw/data/case/202310/1697684518642508503.jpg
室內設計 | 林口陳公館照片6: ,https://www.order.com.tw/data/case/202310/1697684520305251807.jpg
室內設計 | 林口陳公館照片7: ,https://www.order.com.tw/data/case/202310/1697684522429075806.jpg
室內設計 | 林口陳公館照片8: ,https://www.order.com.tw/data/case/202310/1697684521357101785.jpg
室內設計 | 林口陳公館照片9: ,https://www.order.com.tw/data/case/202310/1697684521485101995.jpg
室內設計 | 林口陳公館照片10: ,https://www.order.com.tw/data/case/202310/1697684517945245871.jpg
室內設計 | 桃園邱公館照片1: ,https://www.order.com.tw/data/case/202310/1696487000924373824.jpg
室內設計 | 桃園邱公館照片2: ,https://www.order.com.tw/data/case/202310/1696487001389514489.jpg
室內設計 | 桃園邱公館照片3: ,https://www.order.com.tw/data/case/202310/1696486999360106467.jpg
室內設計 | 桃園邱公館照片4: ,https://www.order.com.tw/data/case/202310/1696487001660821372.jpg
室內設計 | 桃園邱公館照片5: ,https://www.order.com.tw/data/case/202310/1696487000303708207.jpg
室內設計 | 桃園邱公館照片6: ,https://www.order.com.tw/data/case/202310/1696487003454010429.jpg
室內設計 | 桃園邱公館照片7: ,https://www.order.com.tw/data/case/202310/1696487009091068811.jpg
室內設計 | 桃園邱公館照片8: ,https://www.order.com.tw/data/case/202310/1696487010854888196.jpg
室內設計 | 桃園邱公館照片9: ,https://www.order.com.tw/data/case/202310/1696487011582112919.jpg
室內設計 | 桃園邱公館照片10: ,https://www.order.com.tw/data/case/202310/1696487010163438295.jpg
室內設計 | 高雄吳公館照片1: ,https://www.order.com.tw/data/case/202309/1695891090846583179.jpg
室內設計 | 高雄吳公館照片2: ,https://www.order.com.tw/data/case/202309/1695890923908607062.jpg
室內設計 | 高雄吳公館照片3: ,https://www.order.com.tw/data/case/202309/1695890921975900960.jpg
室內設計 | 高雄吳公館照片4: ,https://www.order.com.tw/data/case/202309/1695890922256751756.jpg
室內設計 | 高雄吳公館照片5: ,https://www.order.com.tw/data/case/202309/1695891159340257032.jpg
室內設計 | 高雄吳公館照片6: ,https://www.order.com.tw/data/case/202309/1695890922180688451.jpg
室內設計 | 高雄吳公館照片7: ,https://www.order.com.tw/data/case/202309/1695890927203457812.jpg
室內設計 | 高雄吳公館照片8: ,https://www.order.com.tw/data/case/202309/1695890927898472280.jpg
室內設計 | 高雄吳公館照片9: ,https://www.order.com.tw/data/case/202309/1695890926534084620.jpg
室內設計 | 高雄吳公館照片10: ,https://www.order.com.tw/data/case/202309/1695890926578720613.jpg
室內設計 | 台北鄭公館照片1: ,https://www.order.com.tw/data/case/202309/1695005374307055278.jpg
室內設計 | 台北鄭公館照片2: ,https://www.order.com.tw/data/case/202309/1695005375171743464.jpg
室內設計 | 台北鄭公館照片3: ,https://www.order.com.tw/data/case/202309/1695005373022140393.jpg
室內設計 | 台北鄭公館照片4: ,https://www.order.com.tw/data/case/202309/1695005375662844993.jpg
室內設計 | 台北鄭公館照片5: ,https://www.order.com.tw/data/case/202309/1695005375215068606.jpg
室內設計 | 台北鄭公館照片6: ,https://www.order.com.tw/data/case/202309/1695005374522674979.jpg
室內設計 | 台北鄭公館照片7: ,https://www.order.com.tw/data/case/202309/1695005371449324748.jpg
室內設計 | 台北鄭公館照片8: ,https://www.order.com.tw/data/case/202309/1695005371535043432.jpg
室內設計 | 台北鄭公館照片9: ,https://www.order.com.tw/data/case/202309/1695005373293462554.jpg
室內設計 | 台北鄭公館照片10: ,https://www.order.com.tw/data/case/202309/1695005373553295179.jpg
室內設計 | 彰化洪公館照片1: ,https://www.order.com.tw/data/case/202309/1694399122340186041.jpg
室內設計 | 彰化洪公館照片2: ,https://www.order.com.tw/data/case/202309/1694399120700877561.jpg
室內設計 | 彰化洪公館照片3: ,https://www.order.com.tw/data/case/202309/1694399121506856797.jpg
室內設計 | 彰化洪公館照片4: ,https://www.order.com.tw/data/case/202309/1694399124260944676.jpg
室內設計 | 彰化洪公館照片5: ,https://www.order.com.tw/data/case/202309/1694399123127983901.jpg
室內設計 | 彰化洪公館照片6: ,https://www.order.com.tw/data/case/202309/1694399122950072532.jpg
室內設計 | 彰化洪公館照片7: ,https://www.order.com.tw/data/case/202309/1694399120481599884.jpg
室內設計 | 彰化洪公館照片8: ,https://www.order.com.tw/data/case/202309/1694399119478356493.jpg
室內設計 | 彰化洪公館照片9: ,https://www.order.com.tw/data/case/202309/1694399118006098017.jpg
室內設計 | 彰化洪公館照片10: ,https://www.order.com.tw/data/case/202309/1694399117954820443.jpg
室內設計 | 桃園張公館照片1: ,https://www.order.com.tw/data/case/202309/1693792079802963175.jpg
室內設計 | 桃園張公館照片2: ,https://www.order.com.tw/data/case/202309/1693792078867855883.jpg
室內設計 | 桃園張公館照片3: ,https://www.order.com.tw/data/case/202309/1693792080328595965.jpg
室內設計 | 桃園張公館照片4: ,https://www.order.com.tw/data/case/202309/1693792076719146610.jpg
室內設計 | 桃園張公館照片5: ,https://www.order.com.tw/data/case/202309/1693792072482473498.jpg
室內設計 | 桃園張公館照片6: ,https://www.order.com.tw/data/case/202309/1693792078950069253.jpg
室內設計 | 桃園張公館照片7: ,https://www.order.com.tw/data/case/202309/1693792076697503853.jpg
室內設計 | 桃園張公館照片8: ,https://www.order.com.tw/data/case/202309/1693792074169880386.jpg
室內設計 | 桃園張公館照片9: ,https://www.order.com.tw/data/case/202309/1693792073676719311.jpg
室內設計 | 桃園張公館照片10: ,https://www.order.com.tw/data/case/202309/1693792073539542959.jpg
室內設計 | 新莊彭公館照片1: ,https://www.order.com.tw/data/case/202308/1692756001130862798.jpg
室內設計 | 新莊彭公館照片2: ,https://www.order.com.tw/data/case/202308/1692756000591169254.jpg
室內設計 | 新莊彭公館照片3: ,https://www.order.com.tw/data/case/202308/1692756000636619154.jpg
室內設計 | 新莊彭公館照片4: ,https://www.order.com.tw/data/case/202308/1692756002127085051.jpg
室內設計 | 新莊彭公館照片5: ,https://www.order.com.tw/data/case/202308/1692756007757636740.jpg
室內設計 | 新莊彭公館照片6: ,https://www.order.com.tw/data/case/202308/1692756003031869736.jpg
室內設計 | 新莊彭公館照片7: ,https://www.order.com.tw/data/case/202308/1692756005352371775.jpg
室內設計 | 新莊彭公館照片8: ,https://www.order.com.tw/data/case/202308/1692756006236923707.jpg
室內設計 | 新莊彭公館照片9: ,https://www.order.com.tw/data/case/202308/1692756004977067622.jpg
室內設計 | 新莊彭公館照片10: ,https://www.order.com.tw/data/case/202308/1692756004442674978.jpg
室內設計 | 台北曾公館照片1: ,https://www.order.com.tw/data/case/202308/1692324027558094964.jpg
室內設計 | 台北曾公館照片2: ,https://www.order.com.tw/data/case/202308/1692324030986251077.jpg
室內設計 | 台北曾公館照片3: ,https://www.order.com.tw/data/case/202308/1692324029231301426.jpg
室內設計 | 台北曾公館照片4: ,https://www.order.com.tw/data/case/202308/1692324028006321599.jpg
室內設計 | 台北曾公館照片5: ,https://www.order.com.tw/data/case/202308/1692324032522874327.jpg
室內設計 | 台北曾公館照片6: ,https://www.order.com.tw/data/case/202308/1692324031632246009.jpg
室內設計 | 台北曾公館照片7: ,https://www.order.com.tw/data/case/202308/1692324033873739077.jpg
室內設計 | 台北曾公館照片8: ,https://www.order.com.tw/data/case/202308/1692324033729589917.jpg
室內設計 | 台北曾公館照片9: ,https://www.order.com.tw/data/case/202308/1692324034580943027.jpg
室內設計 | 台北曾公館照片10: ,https://www.order.com.tw/data/case/202308/1692324034259740982.jpg
室內設計 | 新竹簡公館照片1: ,https://www.order.com.tw/data/case/202308/1691636693022836563.jpg
室內設計 | 新竹簡公館照片2: ,https://www.order.com.tw/data/case/202308/1691636693967352357.jpg
室內設計 | 新竹簡公館照片3: ,https://www.order.com.tw/data/case/202308/1691636820635123821.jpg
室內設計 | 新竹簡公館照片4: ,https://www.order.com.tw/data/case/202308/1691636693901016576.jpg
室內設計 | 新竹簡公館照片5: ,https://www.order.com.tw/data/case/202308/1691636694518176081.jpg
室內設計 | 新竹簡公館照片6: ,https://www.order.com.tw/data/case/202308/1691636694780838719.jpg
室內設計 | 新竹簡公館照片7: ,https://www.order.com.tw/data/case/202308/1691636694130198828.jpg
室內設計 | 新竹簡公館照片8: ,https://www.order.com.tw/data/case/202308/1691636695549989688.jpg
室內設計 | 新竹簡公館照片9: ,https://www.order.com.tw/data/case/202308/1691636782293100272.jpg
室內設計 | 新竹簡公館照片10: ,https://www.order.com.tw/data/case/202308/1691636695927825455.jpg
室內設計 | 新竹官公館照片1: ,https://www.order.com.tw/data/case/202308/1691117296896572034.jpg
室內設計 | 新竹官公館照片2: ,https://www.order.com.tw/data/case/202308/1691117296791460119.jpg
室內設計 | 新竹官公館照片3: ,https://www.order.com.tw/data/case/202308/1691117297860645723.jpg
室內設計 | 新竹官公館照片4: ,https://www.order.com.tw/data/case/202308/1691117297605270064.jpg
室內設計 | 新竹官公館照片5: ,https://www.order.com.tw/data/case/202308/1691117297766828453.jpg
室內設計 | 新竹官公館照片6: ,https://www.order.com.tw/data/case/202308/1691117294651340222.jpg
室內設計 | 新竹官公館照片7: ,https://www.order.com.tw/data/case/202308/1691117295605267780.jpg
室內設計 | 新竹官公館照片8: ,https://www.order.com.tw/data/case/202308/1691117295275213211.jpg
室內設計 | 桃園謝公館照片1: ,https://www.order.com.tw/data/case/202307/1689046903453905988.jpg
室內設計 | 桃園謝公館照片2: ,https://www.order.com.tw/data/case/202307/1689046902756601335.jpg
室內設計 | 桃園謝公館照片3: ,https://www.order.com.tw/data/case/202307/1689046904610017645.jpg
室內設計 | 桃園謝公館照片4: ,https://www.order.com.tw/data/case/202307/1689046905829556503.jpg
室內設計 | 桃園謝公館照片5: ,https://www.order.com.tw/data/case/202307/1689046903554084966.jpg
室內設計 | 桃園謝公館照片6: ,https://www.order.com.tw/data/case/202307/1689046905268602683.jpg
室內設計 | 桃園謝公館照片7: ,https://www.order.com.tw/data/case/202307/1689046904918911190.jpg
室內設計 | 桃園謝公館照片8: ,https://www.order.com.tw/data/case/202307/1689046907453485726.jpg
室內設計 | 桃園謝公館照片9: ,https://www.order.com.tw/data/case/202307/1689046908027595858.jpg
室內設計 | 桃園謝公館照片10: ,https://www.order.com.tw/data/case/202307/1689046909655271283.jpg
室內設計 | 桃園林公館照片1: ,https://www.order.com.tw/data/case/202307/1688611538685661152.jpg
室內設計 | 桃園林公館照片2: ,https://www.order.com.tw/data/case/202307/1688611539340950386.jpg
室內設計 | 桃園林公館照片3: ,https://www.order.com.tw/data/case/202307/1688611539876527292.jpg
室內設計 | 桃園林公館照片4: ,https://www.order.com.tw/data/case/202307/1688611539281906189.jpg
室內設計 | 桃園林公館照片5: ,https://www.order.com.tw/data/case/202307/1688611541702607561.jpg
室內設計 | 桃園林公館照片6: ,https://www.order.com.tw/data/case/202307/1688611542831339960.jpg
室內設計 | 桃園林公館照片7: ,https://www.order.com.tw/data/case/202307/1688611542208614088.jpg
室內設計 | 桃園林公館照片8: ,https://www.order.com.tw/data/case/202307/1688611540895031229.jpg
室內設計 | 桃園林公館照片9: ,https://www.order.com.tw/data/case/202307/1688611540323025224.jpg
室內設計 | 桃園林公館照片10: ,https://www.order.com.tw/data/case/202307/1688611541558284552.jpg
室內設計 | 新竹張公館照片1: ,https://www.order.com.tw/data/case/202306/1687921774898531478.jpg
室內設計 | 新竹張公館照片2: ,https://www.order.com.tw/data/case/202306/1687921777835986546.jpg
室內設計 | 新竹張公館照片3: ,https://www.order.com.tw/data/case/202306/1687921780743333223.jpg
室內設計 | 新竹張公館照片4: ,https://www.order.com.tw/data/case/202306/1687921776146058647.jpg
室內設計 | 新竹張公館照片5: ,https://www.order.com.tw/data/case/202306/1687921775703210027.jpg
室內設計 | 新竹張公館照片6: ,https://www.order.com.tw/data/case/202306/1687921783883124808.jpg
室內設計 | 新竹張公館照片7: ,https://www.order.com.tw/data/case/202306/1687921785069138241.jpg
室內設計 | 新竹張公館照片8: ,https://www.order.com.tw/data/case/202306/1687921786577668410.jpg
室內設計 | 新竹張公館照片9: ,https://www.order.com.tw/data/case/202306/1687921781235433939.jpg
室內設計 | 新竹張公館照片10: ,https://www.order.com.tw/data/case/202306/1687921778063700997.jpg
室內設計 | 高雄林公館照片1: ,https://www.order.com.tw/data/case/202306/1687338244754422526.jpg
室內設計 | 高雄林公館照片2: ,https://www.order.com.tw/data/case/202306/1687338244925046306.jpg
室內設計 | 高雄林公館照片3: ,https://www.order.com.tw/data/case/202306/1687338340008018532.jpg
室內設計 | 高雄林公館照片4: ,https://www.order.com.tw/data/case/202306/1687338246048757333.jpg
室內設計 | 高雄林公館照片5: ,https://www.order.com.tw/data/case/202306/1687338247090076099.jpg
室內設計 | 高雄林公館照片6: ,https://www.order.com.tw/data/case/202306/1687338247687878723.jpg
室內設計 | 高雄林公館照片7: ,https://www.order.com.tw/data/case/202306/1687338248733146933.jpg
室內設計 | 高雄林公館照片8: ,https://www.order.com.tw/data/case/202306/1687338248922791811.jpg
室內設計 | 高雄林公館照片9: ,https://www.order.com.tw/data/case/202306/1687338245467581124.jpg
室內設計 | 高雄林公館照片10: ,https://www.order.com.tw/data/case/202306/1687338245779865458.jpg
室內設計 | 基隆許公館照片1: ,https://www.order.com.tw/data/case/202306/1686637046035156129.jpg
室內設計 | 基隆許公館照片2: ,https://www.order.com.tw/data/case/202306/1686637046824306278.jpg
室內設計 | 基隆許公館照片3: ,https://www.order.com.tw/data/case/202306/1686637047296039298.jpg
室內設計 | 基隆許公館照片4: ,https://www.order.com.tw/data/case/202306/1686637046590417695.jpg
室內設計 | 基隆許公館照片5: ,https://www.order.com.tw/data/case/202306/1686637048134444107.jpg
室內設計 | 基隆許公館照片6: ,https://www.order.com.tw/data/case/202306/1686706308907222997.jpg
室內設計 | 基隆許公館照片7: ,https://www.order.com.tw/data/case/202306/1686637047935580078.jpg
室內設計 | 基隆許公館照片8: ,https://www.order.com.tw/data/case/202306/1686637047927515251.jpg
室內設計 | 基隆許公館照片9: ,https://www.order.com.tw/data/case/202306/1686637049525178539.jpg
室內設計 | 高雄魏公館照片1: ,https://www.order.com.tw/data/case/202306/1686204568759464707.jpg
室內設計 | 高雄魏公館照片2: ,https://www.order.com.tw/data/case/202306/1686204520603662887.jpg
室內設計 | 高雄魏公館照片3: ,https://www.order.com.tw/data/case/202306/1686204515754830828.jpg
室內設計 | 高雄魏公館照片4: ,https://www.order.com.tw/data/case/202306/1686204520439141752.jpg
室內設計 | 高雄魏公館照片5: ,https://www.order.com.tw/data/case/202306/1686204517719773568.jpg
室內設計 | 高雄魏公館照片6: ,https://www.order.com.tw/data/case/202306/1686204519945008087.jpg
室內設計 | 高雄魏公館照片7: ,https://www.order.com.tw/data/case/202306/1686204520966688253.jpg
室內設計 | 高雄魏公館照片8: ,https://www.order.com.tw/data/case/202306/1686204516433185853.jpg
室內設計 | 高雄魏公館照片9: ,https://www.order.com.tw/data/case/202306/1686204517294782262.jpg
室內設計 | 高雄魏公館照片10: ,https://www.order.com.tw/data/case/202306/1686204518065731577.jpg
室內設計 | 台南鄒公館照片1: ,https://www.order.com.tw/data/case/202305/1684983436532333727.jpg
室內設計 | 台南鄒公館照片2: ,https://www.order.com.tw/data/case/202305/1684983436180558034.jpg
室內設計 | 台南鄒公館照片3: ,https://www.order.com.tw/data/case/202305/1684984308466011607.jpg
室內設計 | 台南鄒公館照片4: ,https://www.order.com.tw/data/case/202305/1684983438904690670.jpg
室內設計 | 台南鄒公館照片5: ,https://www.order.com.tw/data/case/202305/1684984308044338899.jpg
室內設計 | 台南鄒公館照片6: ,https://www.order.com.tw/data/case/202305/1684984386344126483.jpg
室內設計 | 台南鄒公館照片7: ,https://www.order.com.tw/data/case/202305/1684984048564400575.jpg
室內設計 | 台南鄒公館照片8: ,https://www.order.com.tw/data/case/202305/1684983436573580036.jpg
室內設計 | 台南鄒公館照片9: ,https://www.order.com.tw/data/case/202305/1684983437254733571.jpg
室內設計 | 台南鄒公館照片10: ,https://www.order.com.tw/data/case/202305/1684983437463887232.jpg
室內設計 | 台北陳公館照片1: ,https://www.order.com.tw/data/case/202305/1683870977970844675.jpg
室內設計 | 台北陳公館照片2: ,https://www.order.com.tw/data/case/202305/1683870979960232217.jpg
室內設計 | 台北陳公館照片3: ,https://www.order.com.tw/data/case/202305/1683870977832197061.jpg
室內設計 | 台北陳公館照片4: ,https://www.order.com.tw/data/case/202305/1683870978087658019.jpg
室內設計 | 台北陳公館照片5: ,https://www.order.com.tw/data/case/202305/1683870981755574464.jpg
室內設計 | 台北陳公館照片6: ,https://www.order.com.tw/data/case/202305/1683870978583052995.jpg
室內設計 | 台北陳公館照片7: ,https://www.order.com.tw/data/case/202305/1683870979063408719.jpg
室內設計 | 台北陳公館照片8: ,https://www.order.com.tw/data/case/202305/1683870980513893328.jpg
室內設計 | 台北陳公館照片9: ,https://www.order.com.tw/data/case/202305/1683870980980121783.jpg
室內設計 | 台北陳公館照片10: ,https://www.order.com.tw/data/case/202305/1683870981621431978.jpg
室內設計 | 三重楊公館照片1: ,https://www.order.com.tw/data/case/202305/1683164930482205221.jpg
室內設計 | 三重楊公館照片2: ,https://www.order.com.tw/data/case/202305/1683166078124125566.jpg
室內設計 | 三重楊公館照片3: ,https://www.order.com.tw/data/case/202305/1683166078921077236.jpg
室內設計 | 三重楊公館照片4: ,https://www.order.com.tw/data/case/202305/1683164931994877171.jpg
室內設計 | 三重楊公館照片5: ,https://www.order.com.tw/data/case/202305/1683164930649536722.jpg
室內設計 | 三重楊公館照片6: ,https://www.order.com.tw/data/case/202305/1683166291549273316.jpg
室內設計 | 三重楊公館照片7: ,https://www.order.com.tw/data/case/202305/1683164932278077307.jpg
室內設計 | 三重楊公館照片8: ,https://www.order.com.tw/data/case/202305/1683164932128084750.jpg
室內設計 | 三重楊公館照片9: ,https://www.order.com.tw/data/case/202305/1683164933640765125.jpg
室內設計 | 三重楊公館照片10: ,https://www.order.com.tw/data/case/202305/1683164933307724699.jpg
室內設計 | 新北許公館照片1: ,https://www.order.com.tw/data/case/202304/1682567900039635907.jpg
室內設計 | 新北許公館照片2: ,https://www.order.com.tw/data/case/202304/1682567899829280313.jpg
室內設計 | 新北許公館照片3: ,https://www.order.com.tw/data/case/202304/1682567899969549975.jpg
室內設計 | 新北許公館照片4: ,https://www.order.com.tw/data/case/202304/1682567898033429791.jpg
室內設計 | 新北許公館照片5: ,https://www.order.com.tw/data/case/202304/1682567900502666452.jpg
室內設計 | 新北許公館照片6: ,https://www.order.com.tw/data/case/202304/1682567898824607917.jpg
室內設計 | 新北許公館照片7: ,https://www.order.com.tw/data/case/202304/1682567900599039608.jpg
室內設計 | 新北許公館照片8: ,https://www.order.com.tw/data/case/202304/1682567897515005293.jpg
室內設計 | 新北許公館照片9: ,https://www.order.com.tw/data/case/202304/1682567901272419100.jpg
室內設計 | 新北許公館照片10: ,https://www.order.com.tw/data/case/202304/1682567901431976477.jpg
室內設計 | 桃園張公館照片1: ,https://www.order.com.tw/data/case/202304/1681881673380370522.jpg
室內設計 | 桃園張公館照片2: ,https://www.order.com.tw/data/case/202304/1681881599857987382.jpg
室內設計 | 桃園張公館照片3: ,https://www.order.com.tw/data/case/202304/1681881145279775425.jpg
室內設計 | 桃園張公館照片4: ,https://www.order.com.tw/data/case/202304/1681881144042727599.jpg
室內設計 | 桃園張公館照片5: ,https://www.order.com.tw/data/case/202304/1681881144986597721.jpg
室內設計 | 桃園張公館照片6: ,https://www.order.com.tw/data/case/202304/1681881144625205461.jpg
室內設計 | 桃園張公館照片7: ,https://www.order.com.tw/data/case/202304/1681881147075842858.jpg
室內設計 | 桃園張公館照片8: ,https://www.order.com.tw/data/case/202304/1681881147937547112.jpg
室內設計 | 桃園牛公館照片1: ,https://www.order.com.tw/data/case/202304/1681462093911956035.jpg
室內設計 | 桃園牛公館照片2: ,https://www.order.com.tw/data/case/202304/1681462092412402430.jpg
室內設計 | 桃園牛公館照片3: ,https://www.order.com.tw/data/case/202304/1681462094744591716.jpg
室內設計 | 桃園牛公館照片4: ,https://www.order.com.tw/data/case/202304/1681462093246429398.jpg
室內設計 | 桃園牛公館照片5: ,https://www.order.com.tw/data/case/202304/1681462093437736296.jpg
室內設計 | 桃園牛公館照片6: ,https://www.order.com.tw/data/case/202304/1681462097660974448.jpg
室內設計 | 桃園牛公館照片7: ,https://www.order.com.tw/data/case/202304/1681462095356807919.jpg
室內設計 | 桃園牛公館照片8: ,https://www.order.com.tw/data/case/202304/1681462098812663320.jpg
室內設計 | 桃園牛公館照片9: ,https://www.order.com.tw/data/case/202304/1681462098373134175.jpg
室內設計 | 桃園牛公館照片10: ,https://www.order.com.tw/data/case/202304/1681462098434668965.jpg
室內設計 | 淡水李公館照片1: ,https://www.order.com.tw/data/case/202303/1679898889140321812.jpg
室內設計 | 淡水李公館照片2: ,https://www.order.com.tw/data/case/202303/1679898891572855318.jpg
室內設計 | 淡水李公館照片3: ,https://www.order.com.tw/data/case/202303/1679899147323279460.jpg
室內設計 | 淡水李公館照片4: ,https://www.order.com.tw/data/case/202303/1679898888666388774.jpg
室內設計 | 淡水李公館照片5: ,https://www.order.com.tw/data/case/202303/1679898886349894143.jpg
室內設計 | 淡水李公館照片6: ,https://www.order.com.tw/data/case/202303/1679898885739533648.jpg
室內設計 | 淡水李公館照片7: ,https://www.order.com.tw/data/case/202303/1679898889824193684.jpg
室內設計 | 淡水李公館照片8: ,https://www.order.com.tw/data/case/202303/1679898884252592420.jpg
室內設計 | 淡水李公館照片9: ,https://www.order.com.tw/data/case/202303/1679898883803185430.jpg
室內設計 | 淡水李公館照片10: ,https://www.order.com.tw/data/case/202303/1679898884697227294.jpg
室內設計 | 三重酈公館照片1: ,https://www.order.com.tw/data/case/202303/1678699322799256177.jpg
室內設計 | 三重酈公館照片2: ,https://www.order.com.tw/data/case/202303/1678699322166550836.jpg
室內設計 | 三重酈公館照片3: ,https://www.order.com.tw/data/case/202303/1678699320815375468.jpg
室內設計 | 三重酈公館照片4: ,https://www.order.com.tw/data/case/202303/1678699321373016179.jpg
室內設計 | 三重酈公館照片5: ,https://www.order.com.tw/data/case/202303/1678699320322723152.jpg
室內設計 | 三重酈公館照片6: ,https://www.order.com.tw/data/case/202303/1678699321787155445.jpg
室內設計 | 三重酈公館照片7: ,https://www.order.com.tw/data/case/202303/1678699318710187379.jpg
室內設計 | 三重酈公館照片8: ,https://www.order.com.tw/data/case/202303/1678699319619967057.jpg
室內設計 | 三重酈公館照片9: ,https://www.order.com.tw/data/case/202303/1678699318831769151.jpg
室內設計 | 三重酈公館照片10: ,https://www.order.com.tw/data/case/202303/1678699317686543756.jpg
室內設計 | 台中吳公館照片1: ,https://www.order.com.tw/data/case/202302/1677033701502811628.jpg
室內設計 | 台中吳公館照片2: ,https://www.order.com.tw/data/case/202302/1677033702492063237.jpg
室內設計 | 台中吳公館照片3: ,https://www.order.com.tw/data/case/202302/1677033702317027679.jpg
室內設計 | 台中吳公館照片4: ,https://www.order.com.tw/data/case/202302/1677033703861778950.jpg
室內設計 | 台中吳公館照片5: ,https://www.order.com.tw/data/case/202302/1677033697720454040.jpg
室內設計 | 台中吳公館照片6: ,https://www.order.com.tw/data/case/202302/1677033703083113986.jpg
室內設計 | 台中吳公館照片7: ,https://www.order.com.tw/data/case/202302/1677033695924869637.jpg
室內設計 | 台中吳公館照片8: ,https://www.order.com.tw/data/case/202302/1677033695606243381.jpg
室內設計 | 台中吳公館照片9: ,https://www.order.com.tw/data/case/202302/1677033696600597251.jpg
室內設計 | 新竹陳公館照片1: ,https://www.order.com.tw/data/case/202302/1676613468101397300.jpg
室內設計 | 新竹陳公館照片2: ,https://www.order.com.tw/data/case/202302/1676613469340884543.jpg
室內設計 | 新竹陳公館照片3: ,https://www.order.com.tw/data/case/202302/1676613470699405845.jpg
室內設計 | 新竹陳公館照片4: ,https://www.order.com.tw/data/case/202302/1676613467193098328.jpg
室內設計 | 新竹陳公館照片5: ,https://www.order.com.tw/data/case/202302/1676613469271173333.jpg
室內設計 | 新竹陳公館照片6: ,https://www.order.com.tw/data/case/202302/1676613468674819647.jpg
室內設計 | 新竹陳公館照片7: ,https://www.order.com.tw/data/case/202302/1676613470434787504.jpg
室內設計 | 新竹陳公館照片8: ,https://www.order.com.tw/data/case/202302/1676613471414212942.jpg
室內設計 | 新竹陳公館照片9: ,https://www.order.com.tw/data/case/202302/1676613471237964820.jpg
室內設計 | 新竹陳公館照片10: ,https://www.order.com.tw/data/case/202302/1676613472233154027.jpg
室內設計 | 淡水莊公館照片1: ,https://www.order.com.tw/data/case/202302/1675752293360089073.jpg
室內設計 | 淡水莊公館照片2: ,https://www.order.com.tw/data/case/202302/1675752293033977482.jpg
室內設計 | 淡水莊公館照片3: ,https://www.order.com.tw/data/case/202302/1675752294791920371.jpg
室內設計 | 淡水莊公館照片4: ,https://www.order.com.tw/data/case/202302/1675752295800398630.jpg
室內設計 | 淡水莊公館照片5: ,https://www.order.com.tw/data/case/202302/1675752294516497147.jpg
室內設計 | 淡水莊公館照片6: ,https://www.order.com.tw/data/case/202302/1675752295535566328.jpg
室內設計 | 淡水莊公館照片7: ,https://www.order.com.tw/data/case/202302/1675752529314346546.jpg
室內設計 | 淡水莊公館照片8: ,https://www.order.com.tw/data/case/202302/1675752534920670376.jpg
室內設計 | 新店許公館照片1: ,https://www.order.com.tw/data/case/202301/1675151702584448041.jpg
室內設計 | 新店許公館照片2: ,https://www.order.com.tw/data/case/202301/1675151700751499486.jpg
室內設計 | 新店許公館照片3: ,https://www.order.com.tw/data/case/202301/1675151701321919637.jpg
室內設計 | 新店許公館照片4: ,https://www.order.com.tw/data/case/202301/1675151701826676186.jpg
室內設計 | 新店許公館照片5: ,https://www.order.com.tw/data/case/202301/1675151702798099917.jpg
室內設計 | 新店許公館照片6: ,https://www.order.com.tw/data/case/202301/1675151702142467775.jpg
室內設計 | 新店許公館照片7: ,https://www.order.com.tw/data/case/202301/1675151710075988051.jpg
室內設計 | 新店許公館照片8: ,https://www.order.com.tw/data/case/202301/1675151706113293668.jpg
室內設計 | 新店許公館照片9: ,https://www.order.com.tw/data/case/202301/1675151707041669099.jpg
室內設計 | 新店許公館照片10: ,https://www.order.com.tw/data/case/202301/1675151703154301065.jpg
室內設計 | 台中陳公館照片1: ,https://www.order.com.tw/data/case/202301/1673574082844272473.jpg
室內設計 | 台中陳公館照片2: ,https://www.order.com.tw/data/case/202301/1673574083562542946.jpg
室內設計 | 台中陳公館照片3: ,https://www.order.com.tw/data/case/202301/1673574083995098446.jpg
室內設計 | 台中陳公館照片4: ,https://www.order.com.tw/data/case/202301/1673574083748290108.jpg
室內設計 | 台中陳公館照片5: ,https://www.order.com.tw/data/case/202301/1673574081189719989.jpg
室內設計 | 台中陳公館照片6: ,https://www.order.com.tw/data/case/202301/1673574081831610162.jpg
室內設計 | 台中陳公館照片7: ,https://www.order.com.tw/data/case/202301/1673574082613766170.jpg
室內設計 | 台中陳公館照片8: ,https://www.order.com.tw/data/case/202301/1673574084915874240.jpg
室內設計 | 台中陳公館照片9: ,https://www.order.com.tw/data/case/202301/1673574084277767108.jpg
室內設計 | 台中陳公館照片10: ,https://www.order.com.tw/data/case/202301/1673574084053556589.jpg
室內設計 | 桃園魏公館照片1: ,https://www.order.com.tw/data/case/202301/1672983131457437292.jpg
室內設計 | 桃園魏公館照片2: ,https://www.order.com.tw/data/case/202301/1672983131753256962.jpg
室內設計 | 桃園魏公館照片3: ,https://www.order.com.tw/data/case/202301/1672983131793689982.jpg
室內設計 | 桃園魏公館照片4: ,https://www.order.com.tw/data/case/202301/1672983130481525373.jpg
室內設計 | 桃園魏公館照片5: ,https://www.order.com.tw/data/case/202301/1672983129150746024.jpg
室內設計 | 桃園魏公館照片6: ,https://www.order.com.tw/data/case/202301/1672983130040344394.jpg
室內設計 | 桃園魏公館照片7: ,https://www.order.com.tw/data/case/202301/1672983128970046547.jpg
室內設計 | 桃園魏公館照片8: ,https://www.order.com.tw/data/case/202301/1672983128761921493.jpg
室內設計 | 桃園魏公館照片9: ,https://www.order.com.tw/data/case/202301/1672983129817799254.jpg
室內設計 | 台中邱公館照片1: ,https://www.order.com.tw/data/case/202211/1669773998286166734.jpg
室內設計 | 台中邱公館照片2: ,https://www.order.com.tw/data/case/202211/1669773997659856094.jpg
室內設計 | 台中邱公館照片3: ,https://www.order.com.tw/data/case/202211/1669773998290420064.jpg
室內設計 | 台中邱公館照片4: ,https://www.order.com.tw/data/case/202211/1669773997293667362.jpg
室內設計 | 台中邱公館照片5: ,https://www.order.com.tw/data/case/202211/1669773997417429384.jpg
室內設計 | 台中邱公館照片6: ,https://www.order.com.tw/data/case/202211/1669773999268084475.jpg
室內設計 | 台中邱公館照片7: ,https://www.order.com.tw/data/case/202211/1669774000434368680.jpg
室內設計 | 台中邱公館照片8: ,https://www.order.com.tw/data/case/202211/1669774000810316319.jpg
室內設計 | 台中邱公館照片9: ,https://www.order.com.tw/data/case/202211/1669774001457586737.jpg
室內設計 | 台中邱公館照片10: ,https://www.order.com.tw/data/case/202211/1669774001808238795.jpg
室內設計 | 台北方公館照片1: ,https://www.order.com.tw/data/case/202211/1667546054748347696.jpg
室內設計 | 台北方公館照片2: ,https://www.order.com.tw/data/case/202211/1667546057800886715.jpg
室內設計 | 台北方公館照片3: ,https://www.order.com.tw/data/case/202211/1667546058877923195.jpg
室內設計 | 台北方公館照片4: ,https://www.order.com.tw/data/case/202211/1667546058226262887.jpg
室內設計 | 台北方公館照片5: ,https://www.order.com.tw/data/case/202211/1667546060755288580.jpg
室內設計 | 台北方公館照片6: ,https://www.order.com.tw/data/case/202211/1667546055212981288.jpg
室內設計 | 台北方公館照片7: ,https://www.order.com.tw/data/case/202211/1667546053763148613.jpg
室內設計 | 台北方公館照片8: ,https://www.order.com.tw/data/case/202304/1681809901884550059.jpg
室內設計 | 台北方公館照片9: ,https://www.order.com.tw/data/case/202211/1667546051911836386.jpg
室內設計 | 新竹洪公館照片1: ,https://www.order.com.tw/data/case/202210/1666231359526112271.jpg
室內設計 | 新竹洪公館照片2: ,https://www.order.com.tw/data/case/202210/1666231360122000752.jpg
室內設計 | 新竹洪公館照片3: ,https://www.order.com.tw/data/case/202210/1666231406428535519.jpg
室內設計 | 新竹洪公館照片4: ,https://www.order.com.tw/data/case/202210/1666231363912921515.jpg
室內設計 | 新竹洪公館照片5: ,https://www.order.com.tw/data/case/202210/1666231364909049044.jpg
室內設計 | 新竹洪公館照片6: ,https://www.order.com.tw/data/case/202210/1666231551775320878.jpg
室內設計 | 新竹洪公館照片7: ,https://www.order.com.tw/data/case/202210/1666231365436054888.jpg
室內設計 | 新竹洪公館照片8: ,https://www.order.com.tw/data/case/202210/1666232539351589438.jpg
室內設計 | 新竹洪公館照片9: ,https://www.order.com.tw/data/case/202210/1666232452621242988.jpg
室內設計 | 新竹洪公館照片10: ,https://www.order.com.tw/data/case/202210/1666231406158896907.jpg
室內設計 | 蘆洲黃公館照片1: ,https://www.order.com.tw/data/case/202209/1664335941490332333.jpg
室內設計 | 蘆洲黃公館照片2: ,https://www.order.com.tw/data/case/202209/1664335942885359716.jpg
室內設計 | 蘆洲黃公館照片3: ,https://www.order.com.tw/data/case/202209/1664335937064638154.jpg
室內設計 | 蘆洲黃公館照片4: ,https://www.order.com.tw/data/case/202209/1664335942153008433.jpg
室內設計 | 蘆洲黃公館照片5: ,https://www.order.com.tw/data/case/202209/1664335950817943300.jpg
室內設計 | 蘆洲黃公館照片6: ,https://www.order.com.tw/data/case/202209/1664335949387900106.jpg
室內設計 | 蘆洲黃公館照片7: ,https://www.order.com.tw/data/case/202209/1664335948709767731.jpg
室內設計 | 蘆洲黃公館照片8: ,https://www.order.com.tw/data/case/202209/1664335950704973366.jpg
室內設計 | 蘆洲黃公館照片9: ,https://www.order.com.tw/data/case/202209/1664335951352521548.jpg
室內設計 | 新竹林公館照片1: ,https://www.order.com.tw/data/case/202209/1663120763547537255.jpg
室內設計 | 新竹林公館照片2: ,https://www.order.com.tw/data/case/202209/1663120910126085103.jpg
室內設計 | 新竹林公館照片3: ,https://www.order.com.tw/data/case/202209/1663120762251177247.jpg
室內設計 | 新竹林公館照片4: ,https://www.order.com.tw/data/case/202209/1663120762309024645.jpg
室內設計 | 新竹林公館照片5: ,https://www.order.com.tw/data/case/202209/1663120761418935546.jpg
室內設計 | 新竹林公館照片6: ,https://www.order.com.tw/data/case/202209/1663120765198278987.jpg
室內設計 | 新竹林公館照片7: ,https://www.order.com.tw/data/case/202209/1663120765372830711.jpg
室內設計 | 新竹林公館照片8: ,https://www.order.com.tw/data/case/202209/1663120766396532311.jpg
室內設計 | 新竹林公館照片9: ,https://www.order.com.tw/data/case/202209/1663120766680921023.jpg
室內設計 | 新竹林公館照片10: ,https://www.order.com.tw/data/case/202209/1663120767314741888.jpg
室內設計 | 台中陳公館照片1: ,https://www.order.com.tw/data/case/202208/1661478307186633905.jpg
室內設計 | 台中陳公館照片2: ,https://www.order.com.tw/data/case/202208/1661478308943467108.jpg
室內設計 | 台中陳公館照片3: ,https://www.order.com.tw/data/case/202208/1661478310596591302.jpg
室內設計 | 台中陳公館照片4: ,https://www.order.com.tw/data/case/202208/1661478309513117647.jpg
室內設計 | 台中陳公館照片5: ,https://www.order.com.tw/data/case/202208/1661478310015501043.jpg
室內設計 | 台中陳公館照片6: ,https://www.order.com.tw/data/case/202208/1661478311082712504.jpg
室內設計 | 台中陳公館照片7: ,https://www.order.com.tw/data/case/202208/1661478311863523377.jpg
室內設計 | 台中陳公館照片8: ,https://www.order.com.tw/data/case/202208/1661478312229797490.jpg
室內設計 | 台中陳公館照片9: ,https://www.order.com.tw/data/case/202208/1661478312998597845.jpg
室內設計 | 台中陳公館照片10: ,https://www.order.com.tw/data/case/202208/1661478313176941782.jpg
室內設計 | 新莊牟公館照片1: ,https://www.order.com.tw/data/case/202208/1660891391898853062.jpg
室內設計 | 新莊牟公館照片2: ,https://www.order.com.tw/data/case/202208/1660891390878291185.jpg
室內設計 | 新莊牟公館照片3: ,https://www.order.com.tw/data/case/202208/1660891516236245887.jpg
室內設計 | 新莊牟公館照片4: ,https://www.order.com.tw/data/case/202208/1660891516440982972.jpg
室內設計 | 新莊牟公館照片5: ,https://www.order.com.tw/data/case/202208/1660891390085180619.jpg
室內設計 | 新莊牟公館照片6: ,https://www.order.com.tw/data/case/202208/1660891389269107706.jpg
室內設計 | 新莊牟公館照片7: ,https://www.order.com.tw/data/case/202208/1660891391228905747.jpg
室內設計 | 新莊牟公館照片8: ,https://www.order.com.tw/data/case/202208/1660891391953636122.jpg
室內設計 | 新莊牟公館照片9: ,https://www.order.com.tw/data/case/202208/1660891392917823348.jpg
室內設計 | 高雄劉公館照片1: ,https://www.order.com.tw/data/case/202208/1660189551474021990.jpg
室內設計 | 高雄劉公館照片2: ,https://www.order.com.tw/data/case/202208/1660188672229994076.jpg
室內設計 | 高雄劉公館照片3: ,https://www.order.com.tw/data/case/202208/1660188672722201389.jpg
室內設計 | 高雄劉公館照片4: ,https://www.order.com.tw/data/case/202208/1660188285669737373.jpg
室內設計 | 高雄劉公館照片5: ,https://www.order.com.tw/data/case/202208/1660188285193176139.jpg
室內設計 | 高雄劉公館照片6: ,https://www.order.com.tw/data/case/202208/1660188835139773993.jpg
室內設計 | 高雄劉公館照片7: ,https://www.order.com.tw/data/case/202208/1660188284340580272.jpg
室內設計 | 高雄劉公館照片8: ,https://www.order.com.tw/data/case/202208/1660188281994686098.jpg
室內設計 | 高雄劉公館照片9: ,https://www.order.com.tw/data/case/202208/1660188282398196419.jpg
室內設計 | 高雄劉公館照片10: ,https://www.order.com.tw/data/case/202208/1660188283537510552.jpg
室內設計 | 新竹廖公館照片1: ,https://www.order.com.tw/data/case/202208/1659493224660645391.jpg
室內設計 | 新竹廖公館照片2: ,https://www.order.com.tw/data/case/202208/1659493225619072136.jpg
室內設計 | 新竹廖公館照片3: ,https://www.order.com.tw/data/case/202208/1659493224015437666.jpg
室內設計 | 新竹廖公館照片4: ,https://www.order.com.tw/data/case/202208/1659493437833952054.jpg
室內設計 | 新竹廖公館照片5: ,https://www.order.com.tw/data/case/202208/1659493437358276715.jpg
室內設計 | 新竹廖公館照片6: ,https://www.order.com.tw/data/case/202208/1659493299753796924.jpg
室內設計 | 新竹廖公館照片7: ,https://www.order.com.tw/data/case/202208/1659493227768244213.jpg
室內設計 | 新竹廖公館照片8: ,https://www.order.com.tw/data/case/202208/1659493227497925906.jpg
室內設計 | 新竹廖公館照片9: ,https://www.order.com.tw/data/case/202208/1659493226330265074.jpg
室內設計 | 新竹廖公館照片10: ,https://www.order.com.tw/data/case/202208/1659493227220751234.jpg
室內設計 | 台中蔡公館照片1: ,https://www.order.com.tw/data/case/202207/1657505289692033163.jpg
室內設計 | 台中蔡公館照片2: ,https://www.order.com.tw/data/case/202207/1657505290870352697.jpg
室內設計 | 台中蔡公館照片3: ,https://www.order.com.tw/data/case/202207/1657505288552792692.jpg
室內設計 | 台中蔡公館照片4: ,https://www.order.com.tw/data/case/202207/1657505289974090789.jpg
室內設計 | 台中蔡公館照片5: ,https://www.order.com.tw/data/case/202207/1657505289882405976.jpg
室內設計 | 台中蔡公館照片6: ,https://www.order.com.tw/data/case/202207/1657505290815284344.jpg
室內設計 | 台中蔡公館照片7: ,https://www.order.com.tw/data/case/202207/1657505291222995554.jpg
室內設計 | 台中蔡公館照片8: ,https://www.order.com.tw/data/case/202207/1657505291270249101.jpg
室內設計 | 台中蔡公館照片9: ,https://www.order.com.tw/data/case/202207/1657505291107151229.jpg
室內設計 | 台中蔡公館照片10: ,https://www.order.com.tw/data/case/202207/1657505292360175663.jpg
室內設計 | 新竹黃公館照片1: ,https://www.order.com.tw/data/case/202207/1657504784234925288.jpg
室內設計 | 新竹黃公館照片2: ,https://www.order.com.tw/data/case/202207/1657504786266015108.jpg
室內設計 | 新竹黃公館照片3: ,https://www.order.com.tw/data/case/202207/1657504785398529690.jpg
室內設計 | 新竹黃公館照片4: ,https://www.order.com.tw/data/case/202207/1657504787143403195.jpg
室內設計 | 新竹黃公館照片5: ,https://www.order.com.tw/data/case/202207/1657504785009468669.jpg
室內設計 | 新竹黃公館照片6: ,https://www.order.com.tw/data/case/202207/1657504786540304139.jpg
室內設計 | 新竹黃公館照片7: ,https://www.order.com.tw/data/case/202207/1657504787221169293.jpg
室內設計 | 新竹黃公館照片8: ,https://www.order.com.tw/data/case/202207/1657504787631831749.jpg
室內設計 | 淡水林公館照片1: ,https://www.order.com.tw/data/case/202206/1656554571371016614.jpg
室內設計 | 淡水林公館照片2: ,https://www.order.com.tw/data/case/202206/1656554572504991842.jpg
室內設計 | 淡水林公館照片3: ,https://www.order.com.tw/data/case/202206/1656554571959583583.jpg
室內設計 | 淡水林公館照片4: ,https://www.order.com.tw/data/case/202206/1656554573147931016.jpg
室內設計 | 淡水林公館照片5: ,https://www.order.com.tw/data/case/202206/1656554572077293772.jpg
室內設計 | 淡水林公館照片6: ,https://www.order.com.tw/data/case/202206/1656554573754252094.jpg
室內設計 | 淡水林公館照片7: ,https://www.order.com.tw/data/case/202206/1656554570458476599.jpg
室內設計 | 淡水林公館照片8: ,https://www.order.com.tw/data/case/202206/1656554570682030502.jpg
室內設計 | 淡水林公館照片9: ,https://www.order.com.tw/data/case/202206/1656554570810330674.jpg
室內設計 | 新莊朱公館照片1: ,https://www.order.com.tw/data/case/202206/1654654244092961024.jpg
室內設計 | 新莊朱公館照片2: ,https://www.order.com.tw/data/case/202206/1654654244501984813.jpg
室內設計 | 新莊朱公館照片3: ,https://www.order.com.tw/data/case/202206/1654654245503454672.jpg
室內設計 | 新莊朱公館照片4: ,https://www.order.com.tw/data/case/202206/1654654246544235190.jpg
室內設計 | 新莊朱公館照片5: ,https://www.order.com.tw/data/case/202206/1654654244154873608.jpg
室內設計 | 新莊朱公館照片6: ,https://www.order.com.tw/data/case/202206/1654654245905490166.jpg
室內設計 | 新莊朱公館照片7: ,https://www.order.com.tw/data/case/202206/1654654243121824475.jpg
室內設計 | 新莊朱公館照片8: ,https://www.order.com.tw/data/case/202206/1654654242017741975.jpg
室內設計 | 新莊朱公館照片9: ,https://www.order.com.tw/data/case/202206/1654654242711599167.jpg
室內設計 | 新莊朱公館照片10: ,https://www.order.com.tw/data/case/202206/1654654241555818342.jpg
室內設計 | 高雄黃公館照片1: ,https://www.order.com.tw/data/case/202206/1654047797665550816.jpg
室內設計 | 高雄黃公館照片2: ,https://www.order.com.tw/data/case/202206/1654047798077321779.jpg
室內設計 | 高雄黃公館照片3: ,https://www.order.com.tw/data/case/202206/1654047796772390145.jpg
室內設計 | 高雄黃公館照片4: ,https://www.order.com.tw/data/case/202206/1654047798013965610.jpg
室內設計 | 高雄黃公館照片5: ,https://www.order.com.tw/data/case/202206/1654047799622739088.jpg
室內設計 | 高雄黃公館照片6: ,https://www.order.com.tw/data/case/202206/1654047797787440135.jpg
室內設計 | 高雄黃公館照片7: ,https://www.order.com.tw/data/case/202206/1654047799464087807.jpg
室內設計 | 高雄黃公館照片8: ,https://www.order.com.tw/data/case/202206/1654047799627238030.jpg
室內設計 | 高雄黃公館照片9: ,https://www.order.com.tw/data/case/202206/1654047800273677664.jpg
室內設計 | 高雄黃公館照片10: ,https://www.order.com.tw/data/case/202206/1654047800848254136.jpg
室內設計 | 台中王公館照片1: ,https://www.order.com.tw/data/case/202205/1652150776128482502.jpg
室內設計 | 台中王公館照片2: ,https://www.order.com.tw/data/case/202205/1652151816888365209.jpg
室內設計 | 台中王公館照片3: ,https://www.order.com.tw/data/case/202205/1652151446285362952.jpg
室內設計 | 台中王公館照片4: ,https://www.order.com.tw/data/case/202205/1652152109455969281.jpg
室內設計 | 台中王公館照片5: ,https://www.order.com.tw/data/case/202205/1652150776154342272.jpg
室內設計 | 台中王公館照片6: ,https://www.order.com.tw/data/case/202205/1652150777556178273.jpg
室內設計 | 台中王公館照片7: ,https://www.order.com.tw/data/case/202205/1652151447843398105.jpg
室內設計 | 台中王公館照片8: ,https://www.order.com.tw/data/case/202205/1652150778878188540.jpg
室內設計 | 台中王公館照片9: ,https://www.order.com.tw/data/case/202205/1652151447839221363.jpg
室內設計 | 台中王公館照片10: ,https://www.order.com.tw/data/case/202205/1652150779163272880.jpg
室內設計 | 新竹郭公館照片1: ,https://www.order.com.tw/data/case/202205/1651549714371285963.jpg
室內設計 | 新竹郭公館照片2: ,https://www.order.com.tw/data/case/202205/1651548974448909759.jpg
室內設計 | 新竹郭公館照片3: ,https://www.order.com.tw/data/case/202205/1651548967301317415.jpg
室內設計 | 新竹郭公館照片4: ,https://www.order.com.tw/data/case/202205/1651548965530644270.jpg
室內設計 | 新竹郭公館照片5: ,https://www.order.com.tw/data/case/202205/1651548976120625280.jpg
室內設計 | 新竹郭公館照片6: ,https://www.order.com.tw/data/case/202205/1651548964090478560.jpg
室內設計 | 新竹郭公館照片7: ,https://www.order.com.tw/data/case/202205/1651548979138780262.jpg
室內設計 | 新竹郭公館照片8: ,https://www.order.com.tw/data/case/202205/1651550255033607934.jpg
室內設計 | 新竹郭公館照片9: ,https://www.order.com.tw/data/case/202205/1651548981917168485.jpg
室內設計 | 新竹郭公館照片10: ,https://www.order.com.tw/data/case/202205/1651550074454601590.jpg
室內設計 | 台南賴公館照片1: ,https://www.order.com.tw/data/case/202204/1649902185990849311.jpg
室內設計 | 台南賴公館照片2: ,https://www.order.com.tw/data/case/202204/1649906448612761171.jpg
室內設計 | 台南賴公館照片3: ,https://www.order.com.tw/data/case/202204/1649906449145701180.jpg
室內設計 | 台南賴公館照片4: ,https://www.order.com.tw/data/case/202204/1649902188397923612.jpg
室內設計 | 台南賴公館照片5: ,https://www.order.com.tw/data/case/202204/1649902186493072810.jpg
室內設計 | 台南賴公館照片6: ,https://www.order.com.tw/data/case/202204/1649902187195504781.jpg
室內設計 | 台南賴公館照片7: ,https://www.order.com.tw/data/case/202204/1649906449026439427.jpg
室內設計 | 台南賴公館照片8: ,https://www.order.com.tw/data/case/202204/1649902330428540646.jpg
室內設計 | 台南賴公館照片9: ,https://www.order.com.tw/data/case/202204/1649906557400307539.jpg
室內設計 | 台南賴公館照片10: ,https://www.order.com.tw/data/case/202204/1649902330374441983.jpg
室內設計 | 台北陳公館照片1: ,https://www.order.com.tw/data/case/202204/1649649542070560350.jpg
室內設計 | 台北陳公館照片2: ,https://www.order.com.tw/data/case/202204/1649649541328268687.jpg
室內設計 | 台北陳公館照片3: ,https://www.order.com.tw/data/case/202204/1649649543609679564.jpg
室內設計 | 台北陳公館照片4: ,https://www.order.com.tw/data/case/202204/1649649636576649706.jpg
室內設計 | 台北陳公館照片5: ,https://www.order.com.tw/data/case/202204/1649649542813532644.jpg
室內設計 | 台北陳公館照片6: ,https://www.order.com.tw/data/case/202204/1649649548795255783.jpg
室內設計 | 台北陳公館照片7: ,https://www.order.com.tw/data/case/202204/1649649545009671992.jpg
室內設計 | 台北陳公館照片8: ,https://www.order.com.tw/data/case/202204/1649649545573604628.jpg
室內設計 | 台北陳公館照片9: ,https://www.order.com.tw/data/case/202204/1649649544918824922.jpg
室內設計 | 台北陳公館照片10: ,https://www.order.com.tw/data/case/202204/1649653981139412347.jpg
室內設計 | 新竹李公館照片1: ,https://www.order.com.tw/data/case/202203/1648437394921042619.jpg
室內設計 | 新竹李公館照片2: ,https://www.order.com.tw/data/case/202203/1648437395310472363.jpg
室內設計 | 新竹李公館照片3: ,https://www.order.com.tw/data/case/202203/1648437393135804129.jpg
室內設計 | 新竹李公館照片4: ,https://www.order.com.tw/data/case/202203/1648437395986109087.jpg
室內設計 | 新竹李公館照片5: ,https://www.order.com.tw/data/case/202203/1648437394189056982.jpg
室內設計 | 新竹李公館照片6: ,https://www.order.com.tw/data/case/202203/1648437531617084847.jpg
室內設計 | 新竹李公館照片7: ,https://www.order.com.tw/data/case/202203/1648437395276425189.jpg
室內設計 | 新竹李公館照片8: ,https://www.order.com.tw/data/case/202203/1648437396078148603.jpg
室內設計 | 新竹李公館照片9: ,https://www.order.com.tw/data/case/202203/1648437397648469215.jpg
室內設計 | 新竹李公館照片10: ,https://www.order.com.tw/data/case/202203/1648437397870028013.jpg
室內設計 | 台北江公館照片1: ,https://www.order.com.tw/data/case/202203/1647307883969817470.jpg
室內設計 | 台北江公館照片2: ,https://www.order.com.tw/data/case/202203/1647307883232532801.jpg
室內設計 | 台北江公館照片3: ,https://www.order.com.tw/data/case/202203/1647307884457926411.jpg
室內設計 | 台北江公館照片4: ,https://www.order.com.tw/data/case/202203/1647307884231269603.jpg
室內設計 | 台北江公館照片5: ,https://www.order.com.tw/data/case/202203/1647307885576383894.jpg
室內設計 | 台北江公館照片6: ,https://www.order.com.tw/data/case/202203/1647307885587987156.jpg
室內設計 | 台北江公館照片7: ,https://www.order.com.tw/data/case/202203/1647307885030231607.jpg
室內設計 | 台北江公館照片8: ,https://www.order.com.tw/data/case/202203/1647307886317635506.jpg
室內設計 | 台北江公館照片9: ,https://www.order.com.tw/data/case/202203/1647307886329988816.jpg
室內設計 | 台北江公館照片10: ,https://www.order.com.tw/data/case/202203/1647307887457364244.jpg
室內設計 | 高雄黃公館照片1: ,https://www.order.com.tw/data/case/202203/1646270755587467703.jpg
室內設計 | 高雄黃公館照片2: ,https://www.order.com.tw/data/case/202203/1646270755179994608.jpg
室內設計 | 高雄黃公館照片3: ,https://www.order.com.tw/data/case/202203/1646270862343302190.jpg
室內設計 | 高雄黃公館照片4: ,https://www.order.com.tw/data/case/202203/1646270755177506708.jpg
室內設計 | 高雄黃公館照片5: ,https://www.order.com.tw/data/case/202203/1646270756784987107.jpg
室內設計 | 高雄黃公館照片6: ,https://www.order.com.tw/data/case/202203/1646270756228445594.jpg
室內設計 | 高雄黃公館照片7: ,https://www.order.com.tw/data/case/202203/1646270756156644873.jpg
室內設計 | 高雄黃公館照片8: ,https://www.order.com.tw/data/case/202203/1646270757470069530.jpg
室內設計 | 高雄黃公館照片9: ,https://www.order.com.tw/data/case/202203/1646270758006041687.jpg
室內設計 | 高雄黃公館照片10: ,https://www.order.com.tw/data/case/202203/1646270757642242211.jpg
室內設計 | 林口劉公館照片1: ,https://www.order.com.tw/data/case/202201/1642477529863135121.jpg
室內設計 | 林口劉公館照片2: ,https://www.order.com.tw/data/case/202201/1642642324842888952.jpg
室內設計 | 林口劉公館照片3: ,https://www.order.com.tw/data/case/202201/1642477749415519452.jpg
室內設計 | 林口劉公館照片4: ,https://www.order.com.tw/data/case/202201/1642477529803864080.jpg
室內設計 | 林口劉公館照片5: ,https://www.order.com.tw/data/case/202201/1642477750417710364.jpg
室內設計 | 林口劉公館照片6: ,https://www.order.com.tw/data/case/202201/1642477529891474217.jpg
室內設計 | 林口劉公館照片7: ,https://www.order.com.tw/data/case/202201/1642477530049010488.jpg
室內設計 | 林口劉公館照片8: ,https://www.order.com.tw/data/case/202201/1642477530529855280.jpg
室內設計 | 林口劉公館照片9: ,https://www.order.com.tw/data/case/202201/1642477750312160529.jpg
室內設計 | 林口劉公館照片10: ,https://www.order.com.tw/data/case/202201/1642477531787022729.jpg
室內設計 | 林口蘇公館照片1: ,https://www.order.com.tw/data/case/202201/1641521076577055618.jpg
室內設計 | 林口蘇公館照片2: ,https://www.order.com.tw/data/case/202201/1641521077248994962.jpg
室內設計 | 林口蘇公館照片3: ,https://www.order.com.tw/data/case/202201/1641521077037671636.jpg
室內設計 | 林口蘇公館照片4: ,https://www.order.com.tw/data/case/202201/1641521077579775111.jpg
室內設計 | 林口蘇公館照片5: ,https://www.order.com.tw/data/case/202201/1641521078797819118.jpg
室內設計 | 林口蘇公館照片6: ,https://www.order.com.tw/data/case/202201/1641521078590762195.jpg
室內設計 | 林口蘇公館照片7: ,https://www.order.com.tw/data/case/202201/1641521079475098127.jpg
室內設計 | 林口蘇公館照片8: ,https://www.order.com.tw/data/case/202201/1641521079697436181.jpg
室內設計 | 林口蘇公館照片9: ,https://www.order.com.tw/data/case/202201/1641521079950654922.jpg
室內設計 | 五股王公館照片1: ,https://www.order.com.tw/data/case/202112/1640316277745513467.jpg
室內設計 | 五股王公館照片2: ,https://www.order.com.tw/data/case/202112/1640316278631996260.jpg
室內設計 | 五股王公館照片3: ,https://www.order.com.tw/data/case/202112/1640316278127884952.jpg
室內設計 | 五股王公館照片4: ,https://www.order.com.tw/data/case/202112/1640316278109481581.jpg
室內設計 | 五股王公館照片5: ,https://www.order.com.tw/data/case/202112/1640316279058553823.jpg
室內設計 | 五股王公館照片6: ,https://www.order.com.tw/data/case/202112/1640316274302798255.jpg
室內設計 | 五股王公館照片7: ,https://www.order.com.tw/data/case/202112/1640316279228328359.jpg
室內設計 | 五股王公館照片8: ,https://www.order.com.tw/data/case/202112/1640316279166215963.jpg
室內設計 | 五股王公館照片9: ,https://www.order.com.tw/data/case/202112/1640316283239143080.jpg
室內設計 | 五股王公館照片10: ,https://www.order.com.tw/data/case/202112/1640316280274665226.jpg
室內設計 | 台中孫公館照片1: ,https://www.order.com.tw/data/case/202112/1639037055163788673.jpg
室內設計 | 台中孫公館照片2: ,https://www.order.com.tw/data/case/202112/1639037056522013208.jpg
室內設計 | 台中孫公館照片3: ,https://www.order.com.tw/data/case/202112/1639037057166859528.jpg
室內設計 | 台中孫公館照片4: ,https://www.order.com.tw/data/case/202112/1639037058401577015.jpg
室內設計 | 台中孫公館照片5: ,https://www.order.com.tw/data/case/202112/1639037056713696456.jpg
室內設計 | 台中孫公館照片6: ,https://www.order.com.tw/data/case/202112/1639037203400665301.jpg
室內設計 | 台中孫公館照片7: ,https://www.order.com.tw/data/case/202112/1639037055695293061.jpg
室內設計 | 台中孫公館照片8: ,https://www.order.com.tw/data/case/202112/1639037055402075828.jpg
室內設計 | 台中孫公館照片9: ,https://www.order.com.tw/data/case/202112/1639037058531820849.jpg
室內設計 | 台中孫公館照片10: ,https://www.order.com.tw/data/case/202112/1639037058589785662.jpg
室內設計 | 高雄李公館照片1: ,https://www.order.com.tw/data/case/202111/1638176558495219128.jpg
室內設計 | 高雄李公館照片2: ,https://www.order.com.tw/data/case/202111/1638176560593684096.jpg
室內設計 | 高雄李公館照片3: ,https://www.order.com.tw/data/case/202111/1638176560604623697.jpg
室內設計 | 高雄李公館照片4: ,https://www.order.com.tw/data/case/202111/1638176557674777737.jpg
室內設計 | 高雄李公館照片5: ,https://www.order.com.tw/data/case/202111/1638176559714001799.jpg
室內設計 | 高雄李公館照片6: ,https://www.order.com.tw/data/case/202111/1638176561430612929.jpg
室內設計 | 高雄李公館照片7: ,https://www.order.com.tw/data/case/202111/1638176561431741901.jpg
室內設計 | 高雄李公館照片8: ,https://www.order.com.tw/data/case/202111/1638176562907011629.jpg
室內設計 | 高雄李公館照片9: ,https://www.order.com.tw/data/case/202111/1638176562608768460.jpg
室內設計 | 台北郭公館照片1: ,https://www.order.com.tw/data/case/202111/1637733504373245031.jpg
室內設計 | 台北郭公館照片2: ,https://www.order.com.tw/data/case/202111/1637733495302745833.jpg
室內設計 | 台北郭公館照片3: ,https://www.order.com.tw/data/case/202111/1637733681231714488.jpg
室內設計 | 台北郭公館照片4: ,https://www.order.com.tw/data/case/202111/1637734168831451894.jpg
室內設計 | 台北郭公館照片5: ,https://www.order.com.tw/data/case/202111/1637733505057430880.jpg
室內設計 | 台北郭公館照片6: ,https://www.order.com.tw/data/case/202111/1637733630649067989.jpg
室內設計 | 台北郭公館照片7: ,https://www.order.com.tw/data/case/202111/1637733634192987853.jpg
室內設計 | 台北郭公館照片8: ,https://www.order.com.tw/data/case/202111/1637733634306024056.jpg
室內設計 | 台北郭公館照片9: ,https://www.order.com.tw/data/case/202111/1637733635795413764.jpg
室內設計 | 台北郭公館照片10: ,https://www.order.com.tw/data/case/202111/1637733639057751371.jpg
室內設計 | 蘆洲葉公館照片1: ,https://www.order.com.tw/data/case/202110/1633575286147593054.jpg
室內設計 | 蘆洲葉公館照片2: ,https://www.order.com.tw/data/case/202110/1633575286770988104.jpg
室內設計 | 蘆洲葉公館照片3: ,https://www.order.com.tw/data/case/202110/1633575286255306124.jpg
室內設計 | 蘆洲葉公館照片4: ,https://www.order.com.tw/data/case/202110/1633575287471048388.jpg
室內設計 | 蘆洲葉公館照片5: ,https://www.order.com.tw/data/case/202110/1633575287189247467.jpg
室內設計 | 蘆洲葉公館照片6: ,https://www.order.com.tw/data/case/202110/1633575288008797629.jpg
室內設計 | 蘆洲葉公館照片7: ,https://www.order.com.tw/data/case/202110/1633575288160696899.jpg
室內設計 | 蘆洲葉公館照片8: ,https://www.order.com.tw/data/case/202110/1633575289417969984.jpg
室內設計 | 蘆洲葉公館照片9: ,https://www.order.com.tw/data/case/202110/1633575289877635475.jpg
室內設計 | 蘆洲葉公館照片10: ,https://www.order.com.tw/data/case/202110/1633575290989481824.jpg
室內設計 | 台北盧公館照片1: ,https://www.order.com.tw/data/case/202305/1684301459468461625.jpg
室內設計 | 台北盧公館照片2: ,https://www.order.com.tw/data/case/202305/1684301461145677499.jpg
室內設計 | 台北盧公館照片3: ,https://www.order.com.tw/data/case/202305/1684301459601567630.jpg
室內設計 | 台北盧公館照片4: ,https://www.order.com.tw/data/case/202305/1684301460329279897.jpg
室內設計 | 台北盧公館照片5: ,https://www.order.com.tw/data/case/202305/1684301461610242261.jpg
室內設計 | 台北盧公館照片6: ,https://www.order.com.tw/data/case/202305/1684301459129109003.jpg
室內設計 | 台北盧公館照片7: ,https://www.order.com.tw/data/case/202305/1684301546583580604.jpg
室內設計 | 台北盧公館照片8: ,https://www.order.com.tw/data/case/202305/1684301458071576002.jpg
室內設計 | 台北盧公館照片9: ,https://www.order.com.tw/data/case/202305/1684301461481327394.jpg
室內設計 | 台北盧公館照片10: ,https://www.order.com.tw/data/case/202305/1684301460074559885.jpg
室內設計 | 台北趙公館照片1: ,https://www.order.com.tw/data/case/202210/1665033455124995539.jpg
室內設計 | 台北趙公館照片2: ,https://www.order.com.tw/data/case/202210/1665033455124526532.jpg
室內設計 | 台北趙公館照片3: ,https://www.order.com.tw/data/case/202210/1665033455783208138.jpg
室內設計 | 台北趙公館照片4: ,https://www.order.com.tw/data/case/202210/1665033452909122913.jpg
室內設計 | 台北趙公館照片5: ,https://www.order.com.tw/data/case/202210/1665033453505706948.jpg
室內設計 | 台北趙公館照片6: ,https://www.order.com.tw/data/case/202210/1665033454335998566.jpg
室內設計 | 台北趙公館照片7: ,https://www.order.com.tw/data/case/202210/1665033454087736563.jpg
室內設計 | 台北趙公館照片8: ,https://www.order.com.tw/data/case/202210/1665033456271161644.jpg
室內設計 | 台北趙公館照片9: ,https://www.order.com.tw/data/case/202210/1665033456890390125.jpg
室內設計 | 台北趙公館照片10: ,https://www.order.com.tw/data/case/202210/1665033457844483445.jpg
室內設計 | 汐止吳公館照片1: ,https://www.order.com.tw/data/case/202109/1630468583055048074.jpg
室內設計 | 汐止吳公館照片2: ,https://www.order.com.tw/data/case/202109/1630468584939156268.jpg
室內設計 | 汐止吳公館照片3: ,https://www.order.com.tw/data/case/202109/1630468582333533508.jpg
室內設計 | 汐止吳公館照片4: ,https://www.order.com.tw/data/case/202109/1630468584502909208.jpg
室內設計 | 汐止吳公館照片5: ,https://www.order.com.tw/data/case/202109/1630468585920544844.jpg
室內設計 | 汐止吳公館照片6: ,https://www.order.com.tw/data/case/202109/1630468582588403011.jpg
室內設計 | 汐止吳公館照片7: ,https://www.order.com.tw/data/case/202109/1630468586838875759.jpg
室內設計 | 汐止吳公館照片8: ,https://www.order.com.tw/data/case/202109/1630468583496725461.jpg
室內設計 | 汐止吳公館照片9: ,https://www.order.com.tw/data/case/202109/1630468585126741143.jpg
室內設計 | 林口李公館照片1: ,https://www.order.com.tw/data/case/202312/1703142329274952335.jpg
室內設計 | 林口李公館照片2: ,https://www.order.com.tw/data/case/202312/1703142329583881857.jpg
室內設計 | 林口李公館照片3: ,https://www.order.com.tw/data/case/202312/1703142330396784145.jpg
室內設計 | 林口李公館照片4: ,https://www.order.com.tw/data/case/202312/1703142328150305474.jpg
室內設計 | 林口李公館照片5: ,https://www.order.com.tw/data/case/202312/1703142326440512276.jpg
室內設計 | 林口李公館照片6: ,https://www.order.com.tw/data/case/202312/1703142328739054568.jpg
室內設計 | 林口李公館照片7: ,https://www.order.com.tw/data/case/202312/1703142326952672878.jpg
室內設計 | 林口李公館照片8: ,https://www.order.com.tw/data/case/202312/1703142327076223269.jpg
室內設計 | 林口李公館照片9: ,https://www.order.com.tw/data/case/202312/1703142325656591510.jpg
室內設計 | 林口李公館照片10: ,https://www.order.com.tw/data/case/202312/1703142325010303605.jpg
室內設計 | 新竹林公館照片1: ,https://www.order.com.tw/data/case/202205/1653356751335646689.jpg
室內設計 | 新竹林公館照片2: ,https://www.order.com.tw/data/case/202205/1653356747677866640.jpg
室內設計 | 新竹林公館照片3: ,https://www.order.com.tw/data/case/202205/1653356748317912296.jpg
室內設計 | 新竹林公館照片4: ,https://www.order.com.tw/data/case/202205/1653356748346877920.jpg
室內設計 | 新竹林公館照片5: ,https://www.order.com.tw/data/case/202205/1653356748175322007.jpg
室內設計 | 新竹林公館照片6: ,https://www.order.com.tw/data/case/202205/1653356749956030267.jpg
室內設計 | 新竹林公館照片7: ,https://www.order.com.tw/data/case/202205/1653356749412175143.jpg
室內設計 | 新竹林公館照片8: ,https://www.order.com.tw/data/case/202205/1653356750823242099.jpg
室內設計 | 新竹林公館照片9: ,https://www.order.com.tw/data/case/202205/1653356750162189443.jpg
室內設計 | 新竹林公館照片10: ,https://www.order.com.tw/data/case/202205/1653356751680800217.jpg
室內設計 | 新竹許公館照片1: ,https://www.order.com.tw/data/case/202204/1651024243757211944.jpg
室內設計 | 新竹許公館照片2: ,https://www.order.com.tw/data/case/202204/1651024242533430782.jpg
室內設計 | 新竹許公館照片3: ,https://www.order.com.tw/data/case/202204/1651024243193890227.jpg
室內設計 | 新竹許公館照片4: ,https://www.order.com.tw/data/case/202204/1651024247747431455.jpg
室內設計 | 新竹許公館照片5: ,https://www.order.com.tw/data/case/202204/1651024244129377259.jpg
室內設計 | 新竹許公館照片6: ,https://www.order.com.tw/data/case/202204/1651024244412643918.jpg
室內設計 | 新竹許公館照片7: ,https://www.order.com.tw/data/case/202204/1651024245763234279.jpg
室內設計 | 新竹許公館照片8: ,https://www.order.com.tw/data/case/202204/1651024245105642906.jpg
室內設計 | 新竹許公館照片9: ,https://www.order.com.tw/data/case/202204/1651024246427957301.jpg
室內設計 | 新竹許公館照片10: ,https://www.order.com.tw/data/case/202204/1651024246366144049.jpg
室內設計 | 高雄張公館照片1: ,https://www.order.com.tw/data/case/202109/1630890681664756406.jpg
室內設計 | 高雄張公館照片2: ,https://www.order.com.tw/data/case/202109/1630552923747423375.jpg
室內設計 | 高雄張公館照片3: ,https://www.order.com.tw/data/case/202109/1630552924295468668.jpg
室內設計 | 高雄張公館照片4: ,https://www.order.com.tw/data/case/202109/1630552924732610062.jpg
室內設計 | 高雄張公館照片5: ,https://www.order.com.tw/data/case/202109/1630552924811349991.jpg
室內設計 | 高雄張公館照片6: ,https://www.order.com.tw/data/case/202109/1630552925552972600.jpg
室內設計 | 高雄張公館照片7: ,https://www.order.com.tw/data/case/202109/1630552925872774121.jpg
室內設計 | 高雄張公館照片8: ,https://www.order.com.tw/data/case/202109/1630552926610825102.jpg
室內設計 | 高雄張公館照片9: ,https://www.order.com.tw/data/case/202109/1630552926454639090.jpg
室內設計 | 高雄張公館照片10: ,https://www.order.com.tw/data/case/202109/1630552926788724071.jpg
室內設計 | 新竹藍公館照片1: ,https://www.order.com.tw/data/case/202107/1626425165302559646.jpg
室內設計 | 新竹藍公館照片2: ,https://www.order.com.tw/data/case/202107/1626406177114815575.jpg
室內設計 | 新竹藍公館照片3: ,https://www.order.com.tw/data/case/202107/1626406177323241211.jpg
室內設計 | 新竹藍公館照片4: ,https://www.order.com.tw/data/case/202107/1626406218925838361.jpg
室內設計 | 新竹藍公館照片5: ,https://www.order.com.tw/data/case/202107/1626406773292273165.jpg
室內設計 | 新竹藍公館照片6: ,https://www.order.com.tw/data/case/202107/1626406181657308285.jpg
室內設計 | 新竹藍公館照片7: ,https://www.order.com.tw/data/case/202107/1626406666786754578.jpg
室內設計 | 新竹藍公館照片8: ,https://www.order.com.tw/data/case/202107/1626406181328802195.jpg
室內設計 | 新竹藍公館照片9: ,https://www.order.com.tw/data/case/202107/1626406539138931879.jpg
室內設計 | 新竹藍公館照片10: ,https://www.order.com.tw/data/case/202107/1626406175816840207.jpg
室內設計 | 淡水周公館照片1: ,https://www.order.com.tw/data/case/202109/1631673928769690127.jpg
室內設計 | 淡水周公館照片2: ,https://www.order.com.tw/data/case/202109/1631673929355737727.jpg
室內設計 | 淡水周公館照片3: ,https://www.order.com.tw/data/case/202109/1631673929913229562.jpg
室內設計 | 淡水周公館照片4: ,https://www.order.com.tw/data/case/202109/1631673929723642005.jpg
室內設計 | 淡水周公館照片5: ,https://www.order.com.tw/data/case/202109/1631673930146110244.jpg
室內設計 | 淡水周公館照片6: ,https://www.order.com.tw/data/case/202109/1631673932431779843.jpg
室內設計 | 淡水周公館照片7: ,https://www.order.com.tw/data/case/202109/1631673931047705559.jpg
室內設計 | 淡水周公館照片8: ,https://www.order.com.tw/data/case/202109/1631673930206279966.jpg
室內設計 | 淡水周公館照片9: ,https://www.order.com.tw/data/case/202109/1631673931609177235.jpg
室內設計 | 新莊謝公館照片1: ,https://www.order.com.tw/data/case/202109/1630482789230459869.jpg
室內設計 | 新莊謝公館照片2: ,https://www.order.com.tw/data/case/202109/1630482789395505998.jpg
室內設計 | 新莊謝公館照片3: ,https://www.order.com.tw/data/case/202109/1630482790566464169.jpg
室內設計 | 新莊謝公館照片4: ,https://www.order.com.tw/data/case/202109/1630482790722677447.jpg
室內設計 | 新莊謝公館照片5: ,https://www.order.com.tw/data/case/202109/1630482791676134362.jpg
室內設計 | 新莊謝公館照片6: ,https://www.order.com.tw/data/case/202109/1630482791657032483.jpg
室內設計 | 新莊謝公館照片7: ,https://www.order.com.tw/data/case/202109/1630482791054280399.jpg
室內設計 | 新莊謝公館照片8: ,https://www.order.com.tw/data/case/202109/1630482792154292377.jpg
室內設計 | 新莊謝公館照片9: ,https://www.order.com.tw/data/case/202109/1630482792467991104.jpg
室內設計 | 新莊謝公館照片10: ,https://www.order.com.tw/data/case/202109/1630482793028734479.jpg
室內設計 | 台北林公館照片1: ,https://www.order.com.tw/data/case/202106/1622712825857100487.jpg
室內設計 | 台北林公館照片2: ,https://www.order.com.tw/data/case/202106/1622712428118237364.jpg
室內設計 | 台北林公館照片3: ,https://www.order.com.tw/data/case/202106/1622712427036387548.jpg
室內設計 | 台北林公館照片4: ,https://www.order.com.tw/data/case/202106/1622713034449322164.jpg
室內設計 | 台北林公館照片5: ,https://www.order.com.tw/data/case/202106/1622713571545418695.jpg
室內設計 | 台北林公館照片6: ,https://www.order.com.tw/data/case/202106/1622712429304316847.jpg
室內設計 | 台北林公館照片7: ,https://www.order.com.tw/data/case/202106/1622712431509027484.jpg
室內設計 | 台北林公館照片8: ,https://www.order.com.tw/data/case/202106/1622712432129714221.jpg
室內設計 | 台北林公館照片9: ,https://www.order.com.tw/data/case/202106/1622712433232787791.jpg
室內設計 | 台北林公館照片10: ,https://www.order.com.tw/data/case/202106/1622712437087205942.jpg
室內設計 | 新竹古公館照片1: ,https://www.order.com.tw/data/case/202107/1626143858300167535.jpg
室內設計 | 新竹古公館照片2: ,https://www.order.com.tw/data/case/202107/1626143859014965927.jpg
室內設計 | 新竹古公館照片3: ,https://www.order.com.tw/data/case/202107/1626143859040771418.jpg
室內設計 | 新竹古公館照片4: ,https://www.order.com.tw/data/case/202107/1626143858375195437.jpg
室內設計 | 新竹古公館照片5: ,https://www.order.com.tw/data/case/202107/1626143860893432254.jpg
室內設計 | 新竹古公館照片6: ,https://www.order.com.tw/data/case/202107/1626143861712547265.jpg
室內設計 | 新竹古公館照片7: ,https://www.order.com.tw/data/case/202107/1626143860757780694.jpg
室內設計 | 新竹古公館照片8: ,https://www.order.com.tw/data/case/202107/1626144070644079780.jpg
室內設計 | 新竹古公館照片9: ,https://www.order.com.tw/data/case/202107/1626144070697169457.jpg
室內設計 | 新店李公館照片1: ,https://www.order.com.tw/data/case/202105/1620614185719536878.jpg
室內設計 | 新店李公館照片2: ,https://www.order.com.tw/data/case/202105/1620614549749438671.jpg
室內設計 | 新店李公館照片3: ,https://www.order.com.tw/data/case/202105/1620615225799620399.jpg
室內設計 | 新店李公館照片4: ,https://www.order.com.tw/data/case/202105/1620614184125513968.jpg
室內設計 | 新店李公館照片5: ,https://www.order.com.tw/data/case/202105/1620615226592831329.jpg
室內設計 | 新店李公館照片6: ,https://www.order.com.tw/data/case/202105/1620615226281601919.jpg
室內設計 | 新店李公館照片7: ,https://www.order.com.tw/data/case/202105/1620615227647616986.jpg
室內設計 | 新店李公館照片8: ,https://www.order.com.tw/data/case/202105/1620615227001234094.jpg
室內設計 | 新店李公館照片9: ,https://www.order.com.tw/data/case/202105/1620615227832819865.jpg
室內設計 | 新店李公館照片10: ,https://www.order.com.tw/data/case/202105/1620615228163726125.jpg
室內設計 | 新竹廖公館照片1: ,https://www.order.com.tw/data/case/202105/1620092404518974887.jpg
室內設計 | 新竹廖公館照片2: ,https://www.order.com.tw/data/case/202105/1620092405654132596.jpg
室內設計 | 新竹廖公館照片3: ,https://www.order.com.tw/data/case/202105/1620092405484070997.jpg
室內設計 | 新竹廖公館照片4: ,https://www.order.com.tw/data/case/202105/1620092409651640564.jpg
室內設計 | 新竹廖公館照片5: ,https://www.order.com.tw/data/case/202105/1620092406983695335.jpg
室內設計 | 新竹廖公館照片6: ,https://www.order.com.tw/data/case/202105/1620092407631800888.jpg
室內設計 | 新竹廖公館照片7: ,https://www.order.com.tw/data/case/202105/1620092407235294766.jpg
室內設計 | 新竹廖公館照片8: ,https://www.order.com.tw/data/case/202105/1620092407305148474.jpg
室內設計 | 新竹廖公館照片9: ,https://www.order.com.tw/data/case/202105/1620092408731268405.jpg
室內設計 | 新竹廖公館照片10: ,https://www.order.com.tw/data/case/202105/1620092408484569208.jpg
室內設計 | 淡水陳公館照片1: ,https://www.order.com.tw/data/case/202104/1619501563578575772.jpg
室內設計 | 淡水陳公館照片2: ,https://www.order.com.tw/data/case/202104/1619500908645745529.jpg
室內設計 | 淡水陳公館照片3: ,https://www.order.com.tw/data/case/202104/1619500907353473382.jpg
室內設計 | 淡水陳公館照片4: ,https://www.order.com.tw/data/case/202104/1619500909099747075.jpg
室內設計 | 淡水陳公館照片5: ,https://www.order.com.tw/data/case/202104/1619500909795836650.jpg
室內設計 | 淡水陳公館照片6: ,https://www.order.com.tw/data/case/202104/1619500909618577048.jpg
室內設計 | 淡水陳公館照片7: ,https://www.order.com.tw/data/case/202104/1619500910237289152.jpg
室內設計 | 淡水陳公館照片8: ,https://www.order.com.tw/data/case/202104/1619500910316387334.jpg
室內設計 | 淡水陳公館照片9: ,https://www.order.com.tw/data/case/202104/1619500911054091580.jpg
室內設計 | 淡水陳公館照片10: ,https://www.order.com.tw/data/case/202104/1619500911642125759.jpg
室內設計 | 彰化劉公館照片1: ,https://www.order.com.tw/data/case/202104/1618559034483231914.jpg
室內設計 | 彰化劉公館照片2: ,https://www.order.com.tw/data/case/202104/1618544188718275852.jpg
